Item,Price,Quantity,QRCodeFileName
1,820,18,qrcode_item_1.png
2,86,9,qrcode_item_2.png
3,907,19,qrcode_item_3.png
4,853,9,qrcode_item_4.png
5,809,5,qrcode_item_5.png
6,195,13,qrcode_item_6.png
7,28,14,qrcode_item_7.png
8,440,12,qrcode_item_8.png
9,516,7,qrcode_item_9.png
10,870,30,qrcode_item_10.png
11,84,16,qrcode_item_11.png
12,430,17,qrcode_item_12.png
13,221,16,qrcode_item_13.png
14,722,20,qrcode_item_14.png
15,591,23,qrcode_item_15.png
16,427,22,qrcode_item_16.png
17,927,27,qrcode_item_17.png
18,968,24,qrcode_item_18.png
19,212,13,qrcode_item_19.png
20,581,18,qrcode_item_20.png
21,715,27,qrcode_item_21.png
22,660,10,qrcode_item_22.png
23,597,24,qrcode_item_23.png
24,109,28,qrcode_item_24.png
25,884,18,qrcode_item_25.png
26,576,17,qrcode_item_26.png
27,102,21,qrcode_item_27.png
28,426,9,qrcode_item_28.png
29,134,25,qrcode_item_29.png
30,858,20,qrcode_item_30.png
31,999,25,qrcode_item_31.png
32,492,22,qrcode_item_32.png
33,517,16,qrcode_item_33.png
34,766,26,qrcode_item_34.png
35,805,26,qrcode_item_35.png
36,425,10,qrcode_item_36.png
37,96,16,qrcode_item_37.png
38,534,15,qrcode_item_38.png
39,139,15,qrcode_item_39.png
40,424,19,qrcode_item_40.png
41,681,15,qrcode_item_41.png
42,104,28,qrcode_item_42.png
43,6,9,qrcode_item_43.png
44,735,26,qrcode_item_44.png
45,553,13,qrcode_item_45.png
46,329,10,qrcode_item_46.png
47,952,25,qrcode_item_47.png
48,222,30,qrcode_item_48.png
49,755,10,qrcode_item_49.png
50,411,11,qrcode_item_50.png
